{
  "id": "multilocator-test_room",
  "locators": [
    {
      "id": "ble-pd-588E81A54222",
      "coordinate": {
        "x": 2.0,
        "y": 10.0,
        "z": 1.9
      },
      "orientation": {
        "x": 180.0,
        "y": 0.0,
        "z": 90.0
      }
    },
    {
      "id": "ble-pd-588E8166AF43",
      "coordinate": {
        "x": 0.0,
        "y": 5.0,
        "z": 1.9
      },
      "orientation": {
        "x": 180.0,
        "y": 0.0,
        "z": 180.0
      }
    },    
    {
      "id": "ble-pd-84FD27EEE4FF",
      "coordinate": {
        "x": 2.0,
        "y": 0.0,
        "z": 1.9
      },
      "orientation": {
        "x": 180.0,
        "y": 0.0,
        "z": 270.0
      }
    }  
  ]
}