{
  "id": "multilocator-test_room",
  "locators": [
    {
      "id": "ble-pd-588E81A54222",
      "coordinate": {
        "x": 2.0,
        "y": 10.0,
        "z": 0.0
      },
      "orientation": {
        "x": 0.0,
        "y": 0.0,
        "z": 90.0
      },
      "azimuth_mask": {
        "min": 180.0,
        "max": 90.0
      }
    },
    {
      "id": "ble-pd-588E8166AF43",
      "coordinate": {
        "x": 0.0,
        "y": 0.0,
        "z": 0.0
      },
      "orientation": {
        "x": 0.0,
        "y": 0.0,
        "z": 180.0
      },
      "azimuth_mask": {
        "min": -90.0,
        "max": 180.0
      }
    },    
    {
      "id": "ble-pd-84FD27EEE4FF",
      "coordinate": {
        "x": 2.0,
        "y": 0.0,
        "z": 0.0
      },
      "orientation": {
        "x": 0.0,
        "y": 0.0,
        "z": 270.0
      },
      "azimuth_mask": {
        "min": -90.0,
        "max": 180.0
      }
    },
    {
      "id": "ble-pd-588E81A5421C",
      "coordinate": {
        "x": 0.0,
        "y": 5.0,
        "z": 0.0
      },
      "orientation": {
        "x": 0.0,
        "y": 0.0,
        "z": 180.0
      },
      "azimuth_mask": {
        "min": -90.0,
        "max": 90.0
      }
    },
    {
      "id": "ble-pd-588E8166AFD7",
      "coordinate": {
        "x": 2.0,
        "y": 5.0,
        "z": 0.0
      },
      "orientation": {
        "x": 0.0,
        "y": 0.0,
        "z": 0.0
      },
      "azimuth_mask": {
        "min": -90.0,
        "max": 90.0
      }
    },
    {
      "id": "ble-pd-60A423C96CAE",
      "coordinate": {
        "x": 0.0,
        "y": 10.0,
        "z": 0.0
      },
      "orientation": {
        "x": 0.0,
        "y": 0.0,
        "z": 180.0
      },
      "azimuth_mask": {
        "min": 180.0,
        "max": 90.0
      }
    }          
  ]
}