{
  "id": "multilocator-test_room",
  "locators": [
    {
      "id": "ble-pd-588E81A54222",
      "coordinate": {
        "x": 5.0,
        "y": 10.0,
        "z": 0.0
      },
      "orientation": {
        "x": 0.0,
        "y": 0.0,
        "z": 90.0
      },
      "azimuth_mask": {
        "min": 180.0,
        "max": 90.0
      }
    },
    {
      "id": "ble-pd-588E8166AF43",
      "coordinate": {
        "x": 0.0,
        "y": 0.0,
        "z": 0.0
      },
      "orientation": {
        "x": 0.0,
        "y": 0.0,
        "z": 180.0
      },
      "azimuth_mask": {
        "min": -90.0,
        "max": 180.0
      }
    }         
  ]
}