{
  "id": "multilocator-test_room",
  "locators": [
    {
      "id": "ble-pd-842E1431F33E",
      "coordinate": {
        "x": 0.0,
        "y": 0.0,
        "z": 0.0
      },
      "orientation": {
        "x": 0.0,
        "y": 0.0,
        "z": 0.0
      }
    },
    {
      "id": "ble-pd-842E1431C72A",
      "coordinate": {
        "x": 1.0,
        "y": 0.0,
        "z": 0.0
      },
      "orientation": {
        "x": 0.0,
        "y": 0.0,
        "z": -90.0
      }
    }
  ]
}